description,price,title,count
A pocket-sized guide to teaching your cat the art of origami.,8,Origami for Cats,20
A rubber duck that doubles as a secret message decoder.,5,Spy Duck,15
A gourmet jellybean flavored like your favorite existential dread.,3,Existential Jellybeans,10
A 5.6-inch screen designed exclusively for frog entertainment.,45,Frog TV,5
A pillow that plays whale sounds to help you sleep underwater.,22,Underwater Sleep Pillow,8
A magical tea that changes color based on your mood.,10,Mood Tea,12
A guide to intergalactic diplomacy for the discerning space hamster.,15,Space Hamster Diplomacy,3
An umbrella that predicts the weather based on your shoe size.,18,Shoe Size Weather Umbrella,7
A scented candle that smells like a freshly baked binary code.,12,Binary Scented Candle,6
